[
   {
      "region-code" : "142",
      "country-code" : "004",
      "alpha-3" : "AFG",
      "alpha-2" : "AF",
      "sub-region-code" : "034",
      "name" : "Afghanistan",
      "iso_3166-2" : "ISO 3166-2:AF"
   },
   {
      "iso_3166-2" : "ISO 3166-2:AX",
      "sub-region-code" : "154",
      "name" : "Åland Islands",
      "country-code" : "248",
      "alpha-3" : "ALA",
      "alpha-2" : "AX",
      "region-code" : "150"
   },
   {
      "iso_3166-2" : "ISO 3166-2:AL",
      "name" : "Albania",
      "sub-region-code" : "039",
      "country-code" : "008",
      "alpha-2" : "AL",
      "alpha-3" : "ALB",
      "region-code" : "150"
   },
   {
      "name" : "Algeria",
      "sub-region-code" : "015",
      "alpha-2" : "DZ",
      "country-code" : "012",
      "alpha-3" : "DZA",
      "region-code" : "002",
      "iso_3166-2" : "ISO 3166-2:DZ"
   },
   {
      "region-code" : "009",
      "name" : "American Samoa",
      "sub-region-code" : "061",
      "country-code" : "016",
      "alpha-3" : "ASM",
      "alpha-2" : "AS",
      "iso_3166-2" : "ISO 3166-2:AS"
   },
   {
      "iso_3166-2" : "ISO 3166-2:AD",
      "region-code" : "150",
      "name" : "Andorra",
      "sub-region-code" : "039",
      "country-code" : "020",
      "alpha-2" : "AD",
      "alpha-3" : "AND"
   },
   {
      "iso_3166-2" : "ISO 3166-2:AO",
      "alpha-3" : "AGO",
      "country-code" : "024",
      "alpha-2" : "AO",
      "sub-region-code" : "017",
      "name" : "Angola",
      "region-code" : "002"
   },
   {
      "region-code" : "019",
      "name" : "Anguilla",
      "sub-region-code" : "029",
      "country-code" : "660",
      "alpha-2" : "AI",
      "alpha-3" : "AIA",
      "iso_3166-2" : "ISO 3166-2:AI"
   },
   {
      "iso_3166-2" : "ISO 3166-2:AQ",
      "name" : "Antarctica",
      "alpha-3" : "ATA",
      "country-code" : "010",
      "alpha-2" : "AQ"
   },
   {
      "iso_3166-2" : "ISO 3166-2:AG",
      "country-code" : "028",
      "alpha-2" : "AG",
      "alpha-3" : "ATG",
      "name" : "Antigua and Barbuda",
      "sub-region-code" : "029",
      "region-code" : "019"
   },
   {
      "country-code" : "032",
      "alpha-3" : "ARG",
      "alpha-2" : "AR",
      "name" : "Argentina",
      "sub-region-code" : "005",
      "region-code" : "019",
      "iso_3166-2" : "ISO 3166-2:AR"
   },
   {
      "country-code" : "051",
      "alpha-2" : "AM",
      "alpha-3" : "ARM",
      "name" : "Armenia",
      "sub-region-code" : "145",
      "region-code" : "142",
      "iso_3166-2" : "ISO 3166-2:AM"
   },
   {
      "region-code" : "019",
      "alpha-3" : "ABW",
      "country-code" : "533",
      "alpha-2" : "AW",
      "sub-region-code" : "029",
      "name" : "Aruba",
      "iso_3166-2" : "ISO 3166-2:AW"
   },
   {
      "country-code" : "036",
      "alpha-2" : "AU",
      "alpha-3" : "AUS",
      "name" : "Australia",
      "sub-region-code" : "053",
      "region-code" : "009",
      "iso_3166-2" : "ISO 3166-2:AU"
   },
   {
      "iso_3166-2" : "ISO 3166-2:AT",
      "country-code" : "040",
      "alpha-2" : "AT",
      "alpha-3" : "AUT",
      "sub-region-code" : "155",
      "name" : "Austria",
      "region-code" : "150"
   },
   {
      "region-code" : "142",
      "country-code" : "031",
      "alpha-2" : "AZ",
      "alpha-3" : "AZE",
      "sub-region-code" : "145",
      "name" : "Azerbaijan",
      "iso_3166-2" : "ISO 3166-2:AZ"
   },
   {
      "region-code" : "019",
      "country-code" : "044",
      "alpha-3" : "BHS",
      "alpha-2" : "BS",
      "sub-region-code" : "029",
      "name" : "Bahamas",
      "iso_3166-2" : "ISO 3166-2:BS"
   },
   {
      "iso_3166-2" : "ISO 3166-2:BH",
      "country-code" : "048",
      "alpha-2" : "BH",
      "alpha-3" : "BHR",
      "sub-region-code" : "145",
      "name" : "Bahrain",
      "region-code" : "142"
   },
   {
      "region-code" : "142",
      "alpha-2" : "BD",
      "country-code" : "050",
      "alpha-3" : "BGD",
      "name" : "Bangladesh",
      "sub-region-code" : "034",
      "iso_3166-2" : "ISO 3166-2:BD"
   },
   {
      "iso_3166-2" : "ISO 3166-2:BB",
      "region-code" : "019",
      "name" : "Barbados",
      "sub-region-code" : "029",
      "alpha-2" : "BB",
      "country-code" : "052",
      "alpha-3" : "BRB"
   },
   {
      "iso_3166-2" : "ISO 3166-2:BY",
      "name" : "Belarus",
      "sub-region-code" : "151",
      "alpha-2" : "BY",
      "country-code" : "112",
      "alpha-3" : "BLR",
      "region-code" : "150"
   },
   {
      "region-code" : "150",
      "sub-region-code" : "155",
      "name" : "Belgium",
      "country-code" : "056",
      "alpha-2" : "BE",
      "alpha-3" : "BEL",
      "iso_3166-2" : "ISO 3166-2:BE"
   },
   {
      "sub-region-code" : "013",
      "name" : "Belize",
      "country-code" : "084",
      "alpha-3" : "BLZ",
      "alpha-2" : "BZ",
      "region-code" : "019",
      "iso_3166-2" : "ISO 3166-2:BZ"
   },
   {
      "iso_3166-2" : "ISO 3166-2:BJ",
      "name" : "Benin",
      "sub-region-code" : "011",
      "country-code" : "204",
      "alpha-3" : "BEN",
      "alpha-2" : "BJ",
      "region-code" : "002"
   },
   {
      "name" : "Bermuda",
      "sub-region-code" : "021",
      "alpha-3" : "BMU",
      "country-code" : "060",
      "alpha-2" : "BM",
      "region-code" : "019",
      "iso_3166-2" : "ISO 3166-2:BM"
   },
   {
      "iso_3166-2" : "ISO 3166-2:BT",
      "region-code" : "142",
      "sub-region-code" : "034",
      "name" : "Bhutan",
      "alpha-2" : "BT",
      "country-code" : "064",
      "alpha-3" : "BTN"
   },
   {
      "region-code" : "019",
      "alpha-3" : "BOL",
      "country-code" : "068",
      "alpha-2" : "BO",
      "name" : "Bolivia, Plurinational State of",
      "sub-region-code" : "005",
      "iso_3166-2" : "ISO 3166-2:BO"
   },
   {
      "iso_3166-2" : "ISO 3166-2:BQ",
      "region-code" : "019",
      "alpha-3" : "BES",
      "country-code" : "535",
      "alpha-2" : "BQ",
      "sub-region-code" : "029",
      "name" : "Bonaire, Sint Eustatius and Saba"
   },
   {
      "iso_3166-2" : "ISO 3166-2:BA",
      "region-code" : "150",
      "name" : "Bosnia and Herzegovina",
      "sub-region-code" : "039",
      "country-code" : "070",
      "alpha-2" : "BA",
      "alpha-3" : "BIH"
   },
   {
      "iso_3166-2" : "ISO 3166-2:BW",
      "alpha-3" : "BWA",
      "country-code" : "072",
      "alpha-2" : "BW",
      "sub-region-code" : "018",
      "name" : "Botswana",
      "region-code" : "002"
   },
   {
      "iso_3166-2" : "ISO 3166-2:BV",
      "alpha-2" : "BV",
      "country-code" : "074",
      "alpha-3" : "BVT",
      "name" : "Bouvet Island"
   },
   {
      "sub-region-code" : "005",
      "name" : "Brazil",
      "alpha-3" : "BRA",
      "country-code" : "076",
      "alpha-2" : "BR",
      "region-code" : "019",
      "iso_3166-2" : "ISO 3166-2:BR"
   },
   {
      "iso_3166-2" : "ISO 3166-2:IO",
      "alpha-3" : "IOT",
      "country-code" : "086",
      "alpha-2" : "IO",
      "name" : "British Indian Ocean Territory"
   },
   {
      "iso_3166-2" : "ISO 3166-2:BN",
      "region-code" : "142",
      "country-code" : "096",
      "alpha-2" : "BN",
      "alpha-3" : "BRN",
      "name" : "Brunei Darussalam",
      "sub-region-code" : "035"
   },
   {
      "iso_3166-2" : "ISO 3166-2:BG",
      "sub-region-code" : "151",
      "name" : "Bulgaria",
      "alpha-3" : "BGR",
      "country-code" : "100",
      "alpha-2" : "BG",
      "region-code" : "150"
   },
   {
      "name" : "Burkina Faso",
      "sub-region-code" : "011",
      "country-code" : "854",
      "alpha-2" : "BF",
      "alpha-3" : "BFA",
      "region-code" : "002",
      "iso_3166-2" : "ISO 3166-2:BF"
   },
   {
      "iso_3166-2" : "ISO 3166-2:BI",
      "region-code" : "002",
      "country-code" : "108",
      "alpha-2" : "BI",
      "alpha-3" : "BDI",
      "sub-region-code" : "014",
      "name" : "Burundi"
   },
   {
      "iso_3166-2" : "ISO 3166-2:KH",
      "region-code" : "142",
      "sub-region-code" : "035",
      "name" : "Cambodia",
      "country-code" : "116",
      "alpha-2" : "KH",
      "alpha-3" : "KHM"
   },
   {
      "region-code" : "002",
      "sub-region-code" : "017",
      "name" : "Cameroon",
      "country-code" : "120",
      "alpha-3" : "CMR",
      "alpha-2" : "CM",
      "iso_3166-2" : "ISO 3166-2:CM"
   },
   {
      "country-code" : "124",
      "alpha-2" : "CA",
      "alpha-3" : "CAN",
      "sub-region-code" : "021",
      "name" : "Canada",
      "region-code" : "019",
      "iso_3166-2" : "ISO 3166-2:CA"
   },
   {
      "alpha-2" : "CV",
      "country-code" : "132",
      "alpha-3" : "CPV",
      "name" : "Cape Verde",
      "sub-region-code" : "011",
      "region-code" : "002",
      "iso_3166-2" : "ISO 3166-2:CV"
   },
   {
      "iso_3166-2" : "ISO 3166-2:KY",
      "alpha-2" : "KY",
      "country-code" : "136",
      "alpha-3" : "CYM",
      "name" : "Cayman Islands",
      "sub-region-code" : "029",
      "region-code" : "019"
   },
   {
      "iso_3166-2" : "ISO 3166-2:CF",
      "region-code" : "002",
      "alpha-2" : "CF",
      "country-code" : "140",
      "alpha-3" : "CAF",
      "name" : "Central African Republic",
      "sub-region-code" : "017"
   },
   {
      "region-code" : "002",
      "sub-region-code" : "017",
      "name" : "Chad",
      "country-code" : "148",
      "alpha-2" : "TD",
      "alpha-3" : "TCD",
      "iso_3166-2" : "ISO 3166-2:TD"
   },
   {
      "iso_3166-2" : "ISO 3166-2:CL",
      "sub-region-code" : "005",
      "name" : "Chile",
      "country-code" : "152",
      "alpha-3" : "CHL",
      "alpha-2" : "CL",
      "region-code" : "019"
   },
   {
      "region-code" : "142",
      "name" : "China",
      "sub-region-code" : "030",
      "country-code" : "156",
      "alpha-3" : "CHN",
      "alpha-2" : "CN",
      "iso_3166-2" : "ISO 3166-2:CN"
   },
   {
      "iso_3166-2" : "ISO 3166-2:CX",
      "name" : "Christmas Island",
      "alpha-3" : "CXR",
      "country-code" : "162",
      "alpha-2" : "CX"
   },
   {
      "iso_3166-2" : "ISO 3166-2:CC",
      "alpha-2" : "CC",
      "country-code" : "166",
      "alpha-3" : "CCK",
      "name" : "Cocos (Keeling) Islands"
   },
   {
      "region-code" : "019",
      "sub-region-code" : "005",
      "name" : "Colombia",
      "country-code" : "170",
      "alpha-2" : "CO",
      "alpha-3" : "COL",
      "iso_3166-2" : "ISO 3166-2:CO"
   },
   {
      "region-code" : "002",
      "alpha-2" : "KM",
      "country-code" : "174",
      "alpha-3" : "COM",
      "sub-region-code" : "014",
      "name" : "Comoros",
      "iso_3166-2" : "ISO 3166-2:KM"
   },
   {
      "name" : "Congo",
      "sub-region-code" : "017",
      "country-code" : "178",
      "alpha-2" : "CG",
      "alpha-3" : "COG",
      "region-code" : "002",
      "iso_3166-2" : "ISO 3166-2:CG"
   },
   {
      "region-code" : "002",
      "sub-region-code" : "017",
      "name" : "Congo, the Democratic Republic of the",
      "alpha-3" : "COD",
      "country-code" : "180",
      "alpha-2" : "CD",
      "iso_3166-2" : "ISO 3166-2:CD"
   },
   {
      "country-code" : "184",
      "alpha-2" : "CK",
      "alpha-3" : "COK",
      "name" : "Cook Islands",
      "sub-region-code" : "061",
      "region-code" : "009",
      "iso_3166-2" : "ISO 3166-2:CK"
   },
   {
      "iso_3166-2" : "ISO 3166-2:CR",
      "country-code" : "188",
      "alpha-2" : "CR",
      "alpha-3" : "CRI",
      "name" : "Costa Rica",
      "sub-region-code" : "013",
      "region-code" : "019"
   },
   {
      "name" : "Côte d'Ivoire",
      "sub-region-code" : "011",
      "country-code" : "384",
      "alpha-3" : "CIV",
      "alpha-2" : "CI",
      "region-code" : "002",
      "iso_3166-2" : "ISO 3166-2:CI"
   },
   {
      "country-code" : "191",
      "alpha-2" : "HR",
      "alpha-3" : "HRV",
      "name" : "Croatia",
      "sub-region-code" : "039",
      "region-code" : "150",
      "iso_3166-2" : "ISO 3166-2:HR"
   },
   {
      "region-code" : "019",
      "sub-region-code" : "029",
      "name" : "Cuba",
      "alpha-3" : "CUB",
      "country-code" : "192",
      "alpha-2" : "CU",
      "iso_3166-2" : "ISO 3166-2:CU"
   },
   {
      "country-code" : "531",
      "alpha-2" : "CW",
      "alpha-3" : "CUW",
      "name" : "Curaçao",
      "sub-region-code" : "029",
      "region-code" : "019",
      "iso_3166-2" : "ISO 3166-2:CW"
   },
   {
      "region-code" : "142",
      "sub-region-code" : "145",
      "name" : "Cyprus",
      "country-code" : "196",
      "alpha-2" : "CY",
      "alpha-3" : "CYP",
      "iso_3166-2" : "ISO 3166-2:CY"
   },
   {
      "iso_3166-2" : "ISO 3166-2:CZ",
      "region-code" : "150",
      "country-code" : "203",
      "alpha-2" : "CZ",
      "alpha-3" : "CZE",
      "sub-region-code" : "151",
      "name" : "Czech Republic"
   },
   {
      "iso_3166-2" : "ISO 3166-2:DK",
      "sub-region-code" : "154",
      "name" : "Denmark",
      "country-code" : "208",
      "alpha-3" : "DNK",
      "alpha-2" : "DK",
      "region-code" : "150"
   },
   {
      "region-code" : "002",
      "sub-region-code" : "014",
      "name" : "Djibouti",
      "country-code" : "262",
      "alpha-2" : "DJ",
      "alpha-3" : "DJI",
      "iso_3166-2" : "ISO 3166-2:DJ"
   },
   {
      "region-code" : "019",
      "name" : "Dominica",
      "sub-region-code" : "029",
      "alpha-2" : "DM",
      "country-code" : "212",
      "alpha-3" : "DMA",
      "iso_3166-2" : "ISO 3166-2:DM"
   },
   {
      "region-code" : "019",
      "alpha-2" : "DO",
      "country-code" : "214",
      "alpha-3" : "DOM",
      "name" : "Dominican Republic",
      "sub-region-code" : "029",
      "iso_3166-2" : "ISO 3166-2:DO"
   },
   {
      "region-code" : "019",
      "alpha-2" : "EC",
      "country-code" : "218",
      "alpha-3" : "ECU",
      "name" : "Ecuador",
      "sub-region-code" : "005",
      "iso_3166-2" : "ISO 3166-2:EC"
   },
   {
      "country-code" : "818",
      "alpha-2" : "EG",
      "alpha-3" : "EGY",
      "sub-region-code" : "015",
      "name" : "Egypt",
      "region-code" : "002",
      "iso_3166-2" : "ISO 3166-2:EG"
   },
   {
      "iso_3166-2" : "ISO 3166-2:SV",
      "sub-region-code" : "013",
      "name" : "El Salvador",
      "country-code" : "222",
      "alpha-3" : "SLV",
      "alpha-2" : "SV",
      "region-code" : "019"
   },
   {
      "iso_3166-2" : "ISO 3166-2:GQ",
      "region-code" : "002",
      "name" : "Equatorial Guinea",
      "sub-region-code" : "017",
      "country-code" : "226",
      "alpha-3" : "GNQ",
      "alpha-2" : "GQ"
   },
   {
      "iso_3166-2" : "ISO 3166-2:ER",
      "alpha-3" : "ERI",
      "country-code" : "232",
      "alpha-2" : "ER",
      "name" : "Eritrea",
      "sub-region-code" : "014",
      "region-code" : "002"
   },
   {
      "alpha-2" : "EE",
      "country-code" : "233",
      "alpha-3" : "EST",
      "sub-region-code" : "154",
      "name" : "Estonia",
      "region-code" : "150",
      "iso_3166-2" : "ISO 3166-2:EE"
   },
   {
      "iso_3166-2" : "ISO 3166-2:ET",
      "region-code" : "002",
      "alpha-3" : "ETH",
      "country-code" : "231",
      "alpha-2" : "ET",
      "name" : "Ethiopia",
      "sub-region-code" : "014"
   },
   {
      "iso_3166-2" : "ISO 3166-2:FK",
      "region-code" : "019",
      "alpha-3" : "FLK",
      "country-code" : "238",
      "alpha-2" : "FK",
      "sub-region-code" : "005",
      "name" : "Falkland Islands (Malvinas)"
   },
   {
      "region-code" : "150",
      "country-code" : "234",
      "alpha-2" : "FO",
      "alpha-3" : "FRO",
      "name" : "Faroe Islands",
      "sub-region-code" : "154",
      "iso_3166-2" : "ISO 3166-2:FO"
   },
   {
      "alpha-3" : "FJI",
      "country-code" : "242",
      "alpha-2" : "FJ",
      "sub-region-code" : "054",
      "name" : "Fiji",
      "region-code" : "009",
      "iso_3166-2" : "ISO 3166-2:FJ"
   },
   {
      "iso_3166-2" : "ISO 3166-2:FI",
      "region-code" : "150",
      "sub-region-code" : "154",
      "name" : "Finland",
      "alpha-2" : "FI",
      "country-code" : "246",
      "alpha-3" : "FIN"
   },
   {
      "sub-region-code" : "155",
      "name" : "France",
      "country-code" : "250",
      "alpha-2" : "FR",
      "alpha-3" : "FRA",
      "region-code" : "150",
      "iso_3166-2" : "ISO 3166-2:FR"
   },
   {
      "iso_3166-2" : "ISO 3166-2:GF",
      "sub-region-code" : "005",
      "name" : "French Guiana",
      "alpha-2" : "GF",
      "country-code" : "254",
      "alpha-3" : "GUF",
      "region-code" : "019"
   },
   {
      "iso_3166-2" : "ISO 3166-2:PF",
      "country-code" : "258",
      "alpha-2" : "PF",
      "alpha-3" : "PYF",
      "name" : "French Polynesia",
      "sub-region-code" : "061",
      "region-code" : "009"
   },
   {
      "iso_3166-2" : "ISO 3166-2:TF",
      "alpha-3" : "ATF",
      "country-code" : "260",
      "alpha-2" : "TF",
      "name" : "French Southern Territories"
   },
   {
      "iso_3166-2" : "ISO 3166-2:GA",
      "region-code" : "002",
      "name" : "Gabon",
      "sub-region-code" : "017",
      "alpha-3" : "GAB",
      "country-code" : "266",
      "alpha-2" : "GA"
   },
   {
      "iso_3166-2" : "ISO 3166-2:GM",
      "region-code" : "002",
      "name" : "Gambia",
      "sub-region-code" : "011",
      "country-code" : "270",
      "alpha-3" : "GMB",
      "alpha-2" : "GM"
   },
   {
      "iso_3166-2" : "ISO 3166-2:GE",
      "region-code" : "142",
      "sub-region-code" : "145",
      "name" : "Georgia",
      "country-code" : "268",
      "alpha-3" : "GEO",
      "alpha-2" : "GE"
   },
   {
      "region-code" : "150",
      "name" : "Germany",
      "sub-region-code" : "155",
      "country-code" : "276",
      "alpha-3" : "DEU",
      "alpha-2" : "DE",
      "iso_3166-2" : "ISO 3166-2:DE"
   },
   {
      "region-code" : "002",
      "name" : "Ghana",
      "sub-region-code" : "011",
      "country-code" : "288",
      "alpha-3" : "GHA",
      "alpha-2" : "GH",
      "iso_3166-2" : "ISO 3166-2:GH"
   },
   {
      "iso_3166-2" : "ISO 3166-2:GI",
      "region-code" : "150",
      "alpha-2" : "GI",
      "country-code" : "292",
      "alpha-3" : "GIB",
      "name" : "Gibraltar",
      "sub-region-code" : "039"
   },
   {
      "region-code" : "150",
      "name" : "Greece",
      "sub-region-code" : "039",
      "alpha-2" : "GR",
      "country-code" : "300",
      "alpha-3" : "GRC",
      "iso_3166-2" : "ISO 3166-2:GR"
   },
   {
      "region-code" : "019",
      "name" : "Greenland",
      "sub-region-code" : "021",
      "alpha-2" : "GL",
      "country-code" : "304",
      "alpha-3" : "GRL",
      "iso_3166-2" : "ISO 3166-2:GL"
   },
   {
      "country-code" : "308",
      "alpha-3" : "GRD",
      "alpha-2" : "GD",
      "sub-region-code" : "029",
      "name" : "Grenada",
      "region-code" : "019",
      "iso_3166-2" : "ISO 3166-2:GD"
   },
   {
      "iso_3166-2" : "ISO 3166-2:GP",
      "region-code" : "019",
      "sub-region-code" : "029",
      "name" : "Guadeloupe",
      "country-code" : "312",
      "alpha-3" : "GLP",
      "alpha-2" : "GP"
   },
   {
      "region-code" : "009",
      "sub-region-code" : "057",
      "name" : "Guam",
      "alpha-3" : "GUM",
      "country-code" : "316",
      "alpha-2" : "GU",
      "iso_3166-2" : "ISO 3166-2:GU"
   },
   {
      "alpha-2" : "GT",
      "country-code" : "320",
      "alpha-3" : "GTM",
      "name" : "Guatemala",
      "sub-region-code" : "013",
      "region-code" : "019",
      "iso_3166-2" : "ISO 3166-2:GT"
   },
   {
      "country-code" : "831",
      "alpha-2" : "GG",
      "alpha-3" : "GGY",
      "sub-region-code" : "154",
      "name" : "Guernsey",
      "region-code" : "150",
      "iso_3166-2" : "ISO 3166-2:GG"
   },
   {
      "sub-region-code" : "011",
      "name" : "Guinea",
      "alpha-2" : "GN",
      "country-code" : "324",
      "alpha-3" : "GIN",
      "region-code" : "002",
      "iso_3166-2" : "ISO 3166-2:GN"
   },
   {
      "name" : "Guinea-Bissau",
      "sub-region-code" : "011",
      "country-code" : "624",
      "alpha-2" : "GW",
      "alpha-3" : "GNB",
      "region-code" : "002",
      "iso_3166-2" : "ISO 3166-2:GW"
   },
   {
      "alpha-3" : "GUY",
      "country-code" : "328",
      "alpha-2" : "GY",
      "sub-region-code" : "005",
      "name" : "Guyana",
      "region-code" : "019",
      "iso_3166-2" : "ISO 3166-2:GY"
   },
   {
      "iso_3166-2" : "ISO 3166-2:HT",
      "country-code" : "332",
      "alpha-2" : "HT",
      "alpha-3" : "HTI",
      "name" : "Haiti",
      "sub-region-code" : "029",
      "region-code" : "019"
   },
   {
      "name" : "Heard Island and McDonald Islands",
      "country-code" : "334",
      "alpha-2" : "HM",
      "alpha-3" : "HMD",
      "iso_3166-2" : "ISO 3166-2:HM"
   },
   {
      "iso_3166-2" : "ISO 3166-2:VA",
      "region-code" : "150",
      "sub-region-code" : "039",
      "name" : "Holy See (Vatican City State)",
      "country-code" : "336",
      "alpha-2" : "VA",
      "alpha-3" : "VAT"
   },
   {
      "alpha-2" : "HN",
      "country-code" : "340",
      "alpha-3" : "HND",
      "sub-region-code" : "013",
      "name" : "Honduras",
      "region-code" : "019",
      "iso_3166-2" : "ISO 3166-2:HN"
   },
   {
      "country-code" : "344",
      "alpha-2" : "HK",
      "alpha-3" : "HKG",
      "name" : "Hong Kong",
      "sub-region-code" : "030",
      "region-code" : "142",
      "iso_3166-2" : "ISO 3166-2:HK"
   },
   {
      "region-code" : "150",
      "sub-region-code" : "151",
      "name" : "Hungary",
      "alpha-3" : "HUN",
      "country-code" : "348",
      "alpha-2" : "HU",
      "iso_3166-2" : "ISO 3166-2:HU"
   },
   {
      "iso_3166-2" : "ISO 3166-2:IS",
      "region-code" : "150",
      "alpha-2" : "IS",
      "country-code" : "352",
      "alpha-3" : "ISL",
      "sub-region-code" : "154",
      "name" : "Iceland"
   },
   {
      "region-code" : "142",
      "alpha-3" : "IND",
      "country-code" : "356",
      "alpha-2" : "IN",
      "sub-region-code" : "034",
      "name" : "India",
      "iso_3166-2" : "ISO 3166-2:IN"
   },
   {
      "iso_3166-2" : "ISO 3166-2:ID",
      "region-code" : "142",
      "country-code" : "360",
      "alpha-3" : "IDN",
      "alpha-2" : "ID",
      "sub-region-code" : "035",
      "name" : "Indonesia"
   },
   {
      "iso_3166-2" : "ISO 3166-2:IR",
      "region-code" : "142",
      "alpha-3" : "IRN",
      "country-code" : "364",
      "alpha-2" : "IR",
      "sub-region-code" : "034",
      "name" : "Iran, Islamic Republic of"
   },
   {
      "region-code" : "142",
      "name" : "Iraq",
      "sub-region-code" : "145",
      "alpha-3" : "IRQ",
      "country-code" : "368",
      "alpha-2" : "IQ",
      "iso_3166-2" : "ISO 3166-2:IQ"
   },
   {
      "name" : "Ireland",
      "sub-region-code" : "154",
      "alpha-2" : "IE",
      "country-code" : "372",
      "alpha-3" : "IRL",
      "region-code" : "150",
      "iso_3166-2" : "ISO 3166-2:IE"
   },
   {
      "region-code" : "150",
      "name" : "Isle of Man",
      "sub-region-code" : "154",
      "alpha-2" : "IM",
      "country-code" : "833",
      "alpha-3" : "IMN",
      "iso_3166-2" : "ISO 3166-2:IM"
   },
   {
      "iso_3166-2" : "ISO 3166-2:IL",
      "region-code" : "142",
      "alpha-2" : "IL",
      "country-code" : "376",
      "alpha-3" : "ISR",
      "sub-region-code" : "145",
      "name" : "Israel"
   },
   {
      "sub-region-code" : "039",
      "name" : "Italy",
      "country-code" : "380",
      "alpha-3" : "ITA",
      "alpha-2" : "IT",
      "region-code" : "150",
      "iso_3166-2" : "ISO 3166-2:IT"
   },
   {
      "region-code" : "019",
      "sub-region-code" : "029",
      "name" : "Jamaica",
      "country-code" : "388",
      "alpha-3" : "JAM",
      "alpha-2" : "JM",
      "iso_3166-2" : "ISO 3166-2:JM"
   },
   {
      "iso_3166-2" : "ISO 3166-2:JP",
      "country-code" : "392",
      "alpha-2" : "JP",
      "alpha-3" : "JPN",
      "name" : "Japan",
      "sub-region-code" : "030",
      "region-code" : "142"
   },
   {
      "iso_3166-2" : "ISO 3166-2:JE",
      "region-code" : "150",
      "name" : "Jersey",
      "sub-region-code" : "154",
      "alpha-2" : "JE",
      "country-code" : "832",
      "alpha-3" : "JEY"
   },
   {
      "country-code" : "400",
      "alpha-3" : "JOR",
      "alpha-2" : "JO",
      "name" : "Jordan",
      "sub-region-code" : "145",
      "region-code" : "142",
      "iso_3166-2" : "ISO 3166-2:JO"
   },
   {
      "region-code" : "142",
      "name" : "Kazakhstan",
      "sub-region-code" : "143",
      "country-code" : "398",
      "alpha-2" : "KZ",
      "alpha-3" : "KAZ",
      "iso_3166-2" : "ISO 3166-2:KZ"
   },
   {
      "sub-region-code" : "014",
      "name" : "Kenya",
      "alpha-3" : "KEN",
      "country-code" : "404",
      "alpha-2" : "KE",
      "region-code" : "002",
      "iso_3166-2" : "ISO 3166-2:KE"
   },
   {
      "region-code" : "009",
      "country-code" : "296",
      "alpha-2" : "KI",
      "alpha-3" : "KIR",
      "name" : "Kiribati",
      "sub-region-code" : "057",
      "iso_3166-2" : "ISO 3166-2:KI"
   },
   {
      "iso_3166-2" : "ISO 3166-2:KP",
      "alpha-3" : "PRK",
      "country-code" : "408",
      "alpha-2" : "KP",
      "name" : "Korea, Democratic People's Republic of",
      "sub-region-code" : "030",
      "region-code" : "142"
   },
   {
      "iso_3166-2" : "ISO 3166-2:KR",
      "region-code" : "142",
      "sub-region-code" : "030",
      "name" : "Korea, Republic of",
      "alpha-3" : "KOR",
      "country-code" : "410",
      "alpha-2" : "KR"
   },
   {
      "alpha-3" : "KWT",
      "country-code" : "414",
      "alpha-2" : "KW",
      "name" : "Kuwait",
      "sub-region-code" : "145",
      "region-code" : "142",
      "iso_3166-2" : "ISO 3166-2:KW"
   },
   {
      "region-code" : "142",
      "sub-region-code" : "143",
      "name" : "Kyrgyzstan",
      "alpha-3" : "KGZ",
      "country-code" : "417",
      "alpha-2" : "KG",
      "iso_3166-2" : "ISO 3166-2:KG"
   },
   {
      "iso_3166-2" : "ISO 3166-2:LA",
      "country-code" : "418",
      "alpha-2" : "LA",
      "alpha-3" : "LAO",
      "name" : "Lao People's Democratic Republic",
      "sub-region-code" : "035",
      "region-code" : "142"
   },
   {
      "name" : "Latvia",
      "sub-region-code" : "154",
      "alpha-3" : "LVA",
      "country-code" : "428",
      "alpha-2" : "LV",
      "region-code" : "150",
      "iso_3166-2" : "ISO 3166-2:LV"
   },
   {
      "iso_3166-2" : "ISO 3166-2:LB",
      "region-code" : "142",
      "country-code" : "422",
      "alpha-3" : "LBN",
      "alpha-2" : "LB",
      "name" : "Lebanon",
      "sub-region-code" : "145"
   },
   {
      "sub-region-code" : "018",
      "name" : "Lesotho",
      "country-code" : "426",
      "alpha-3" : "LSO",
      "alpha-2" : "LS",
      "region-code" : "002",
      "iso_3166-2" : "ISO 3166-2:LS"
   },
   {
      "iso_3166-2" : "ISO 3166-2:LR",
      "name" : "Liberia",
      "sub-region-code" : "011",
      "country-code" : "430",
      "alpha-3" : "LBR",
      "alpha-2" : "LR",
      "region-code" : "002"
   },
   {
      "iso_3166-2" : "ISO 3166-2:LY",
      "region-code" : "002",
      "country-code" : "434",
      "alpha-3" : "LBY",
      "alpha-2" : "LY",
      "name" : "Libya",
      "sub-region-code" : "015"
   },
   {
      "iso_3166-2" : "ISO 3166-2:LI",
      "alpha-2" : "LI",
      "country-code" : "438",
      "alpha-3" : "LIE",
      "name" : "Liechtenstein",
      "sub-region-code" : "155",
      "region-code" : "150"
   },
   {
      "region-code" : "150",
      "name" : "Lithuania",
      "sub-region-code" : "154",
      "alpha-2" : "LT",
      "country-code" : "440",
      "alpha-3" : "LTU",
      "iso_3166-2" : "ISO 3166-2:LT"
   },
   {
      "iso_3166-2" : "ISO 3166-2:LU",
      "alpha-2" : "LU",
      "country-code" : "442",
      "alpha-3" : "LUX",
      "name" : "Luxembourg",
      "sub-region-code" : "155",
      "region-code" : "150"
   },
   {
      "iso_3166-2" : "ISO 3166-2:MO",
      "region-code" : "142",
      "sub-region-code" : "030",
      "name" : "Macao",
      "country-code" : "446",
      "alpha-3" : "MAC",
      "alpha-2" : "MO"
   },
   {
      "iso_3166-2" : "ISO 3166-2:MK",
      "sub-region-code" : "039",
      "name" : "Macedonia, the former Yugoslav Republic of",
      "country-code" : "807",
      "alpha-3" : "MKD",
      "alpha-2" : "MK",
      "region-code" : "150"
   },
   {
      "alpha-3" : "MDG",
      "country-code" : "450",
      "alpha-2" : "MG",
      "sub-region-code" : "014",
      "name" : "Madagascar",
      "region-code" : "002",
      "iso_3166-2" : "ISO 3166-2:MG"
   },
   {
      "region-code" : "002",
      "alpha-2" : "MW",
      "country-code" : "454",
      "alpha-3" : "MWI",
      "name" : "Malawi",
      "sub-region-code" : "014",
      "iso_3166-2" : "ISO 3166-2:MW"
   },
   {
      "iso_3166-2" : "ISO 3166-2:MY",
      "sub-region-code" : "035",
      "name" : "Malaysia",
      "country-code" : "458",
      "alpha-2" : "MY",
      "alpha-3" : "MYS",
      "region-code" : "142"
   },
   {
      "sub-region-code" : "034",
      "name" : "Maldives",
      "alpha-2" : "MV",
      "country-code" : "462",
      "alpha-3" : "MDV",
      "region-code" : "142",
      "iso_3166-2" : "ISO 3166-2:MV"
   },
   {
      "country-code" : "466",
      "alpha-2" : "ML",
      "alpha-3" : "MLI",
      "name" : "Mali",
      "sub-region-code" : "011",
      "region-code" : "002",
      "iso_3166-2" : "ISO 3166-2:ML"
   },
   {
      "iso_3166-2" : "ISO 3166-2:MT",
      "region-code" : "150",
      "sub-region-code" : "039",
      "name" : "Malta",
      "alpha-3" : "MLT",
      "country-code" : "470",
      "alpha-2" : "MT"
   },
   {
      "country-code" : "584",
      "alpha-2" : "MH",
      "alpha-3" : "MHL",
      "name" : "Marshall Islands",
      "sub-region-code" : "057",
      "region-code" : "009",
      "iso_3166-2" : "ISO 3166-2:MH"
   },
   {
      "iso_3166-2" : "ISO 3166-2:MQ",
      "region-code" : "019",
      "name" : "Martinique",
      "sub-region-code" : "029",
      "country-code" : "474",
      "alpha-2" : "MQ",
      "alpha-3" : "MTQ"
   },
   {
      "iso_3166-2" : "ISO 3166-2:MR",
      "name" : "Mauritania",
      "sub-region-code" : "011",
      "country-code" : "478",
      "alpha-3" : "MRT",
      "alpha-2" : "MR",
      "region-code" : "002"
   },
   {
      "name" : "Mauritius",
      "sub-region-code" : "014",
      "country-code" : "480",
      "alpha-2" : "MU",
      "alpha-3" : "MUS",
      "region-code" : "002",
      "iso_3166-2" : "ISO 3166-2:MU"
   },
   {
      "region-code" : "002",
      "alpha-3" : "MYT",
      "country-code" : "175",
      "alpha-2" : "YT",
      "sub-region-code" : "014",
      "name" : "Mayotte",
      "iso_3166-2" : "ISO 3166-2:YT"
   },
   {
      "iso_3166-2" : "ISO 3166-2:MX",
      "name" : "Mexico",
      "sub-region-code" : "013",
      "country-code" : "484",
      "alpha-2" : "MX",
      "alpha-3" : "MEX",
      "region-code" : "019"
   },
   {
      "iso_3166-2" : "ISO 3166-2:FM",
      "sub-region-code" : "057",
      "name" : "Micronesia, Federated States of",
      "country-code" : "583",
      "alpha-2" : "FM",
      "alpha-3" : "FSM",
      "region-code" : "009"
   },
   {
      "country-code" : "498",
      "alpha-2" : "MD",
      "alpha-3" : "MDA",
      "sub-region-code" : "151",
      "name" : "Moldova, Republic of",
      "region-code" : "150",
      "iso_3166-2" : "ISO 3166-2:MD"
   },
   {
      "iso_3166-2" : "ISO 3166-2:MC",
      "region-code" : "150",
      "sub-region-code" : "155",
      "name" : "Monaco",
      "country-code" : "492",
      "alpha-3" : "MCO",
      "alpha-2" : "MC"
   },
   {
      "iso_3166-2" : "ISO 3166-2:MN",
      "country-code" : "496",
      "alpha-2" : "MN",
      "alpha-3" : "MNG",
      "sub-region-code" : "030",
      "name" : "Mongolia",
      "region-code" : "142"
   },
   {
      "iso_3166-2" : "ISO 3166-2:ME",
      "region-code" : "150",
      "name" : "Montenegro",
      "sub-region-code" : "039",
      "alpha-2" : "ME",
      "country-code" : "499",
      "alpha-3" : "MNE"
   },
   {
      "iso_3166-2" : "ISO 3166-2:MS",
      "alpha-2" : "MS",
      "country-code" : "500",
      "alpha-3" : "MSR",
      "name" : "Montserrat",
      "sub-region-code" : "029",
      "region-code" : "019"
   },
   {
      "iso_3166-2" : "ISO 3166-2:MA",
      "region-code" : "002",
      "alpha-2" : "MA",
      "country-code" : "504",
      "alpha-3" : "MAR",
      "name" : "Morocco",
      "sub-region-code" : "015"
   },
   {
      "region-code" : "002",
      "sub-region-code" : "014",
      "name" : "Mozambique",
      "country-code" : "508",
      "alpha-2" : "MZ",
      "alpha-3" : "MOZ",
      "iso_3166-2" : "ISO 3166-2:MZ"
   },
   {
      "iso_3166-2" : "ISO 3166-2:MM",
      "region-code" : "142",
      "sub-region-code" : "035",
      "name" : "Myanmar",
      "country-code" : "104",
      "alpha-3" : "MMR",
      "alpha-2" : "MM"
   },
   {
      "country-code" : "516",
      "alpha-3" : "NAM",
      "alpha-2" : "NA",
      "name" : "Namibia",
      "sub-region-code" : "018",
      "region-code" : "002",
      "iso_3166-2" : "ISO 3166-2:NA"
   },
   {
      "region-code" : "009",
      "name" : "Nauru",
      "sub-region-code" : "057",
      "alpha-3" : "NRU",
      "country-code" : "520",
      "alpha-2" : "NR",
      "iso_3166-2" : "ISO 3166-2:NR"
   },
   {
      "region-code" : "142",
      "alpha-2" : "NP",
      "country-code" : "524",
      "alpha-3" : "NPL",
      "sub-region-code" : "034",
      "name" : "Nepal",
      "iso_3166-2" : "ISO 3166-2:NP"
   },
   {
      "iso_3166-2" : "ISO 3166-2:NL",
      "name" : "Netherlands",
      "sub-region-code" : "155",
      "alpha-3" : "NLD",
      "country-code" : "528",
      "alpha-2" : "NL",
      "region-code" : "150"
   },
   {
      "region-code" : "009",
      "sub-region-code" : "054",
      "name" : "New Caledonia",
      "alpha-3" : "NCL",
      "country-code" : "540",
      "alpha-2" : "NC",
      "iso_3166-2" : "ISO 3166-2:NC"
   },
   {
      "iso_3166-2" : "ISO 3166-2:NZ",
      "name" : "New Zealand",
      "sub-region-code" : "053",
      "country-code" : "554",
      "alpha-2" : "NZ",
      "alpha-3" : "NZL",
      "region-code" : "009"
   },
   {
      "iso_3166-2" : "ISO 3166-2:NI",
      "sub-region-code" : "013",
      "name" : "Nicaragua",
      "alpha-3" : "NIC",
      "country-code" : "558",
      "alpha-2" : "NI",
      "region-code" : "019"
   },
   {
      "iso_3166-2" : "ISO 3166-2:NE",
      "alpha-2" : "NE",
      "country-code" : "562",
      "alpha-3" : "NER",
      "sub-region-code" : "011",
      "name" : "Niger",
      "region-code" : "002"
   },
   {
      "iso_3166-2" : "ISO 3166-2:NG",
      "region-code" : "002",
      "country-code" : "566",
      "alpha-2" : "NG",
      "alpha-3" : "NGA",
      "sub-region-code" : "011",
      "name" : "Nigeria"
   },
   {
      "sub-region-code" : "061",
      "name" : "Niue",
      "alpha-2" : "NU",
      "country-code" : "570",
      "alpha-3" : "NIU",
      "region-code" : "009",
      "iso_3166-2" : "ISO 3166-2:NU"
   },
   {
      "name" : "Norfolk Island",
      "sub-region-code" : "053",
      "country-code" : "574",
      "alpha-2" : "NF",
      "alpha-3" : "NFK",
      "region-code" : "009",
      "iso_3166-2" : "ISO 3166-2:NF"
   },
   {
      "iso_3166-2" : "ISO 3166-2:MP",
      "sub-region-code" : "057",
      "name" : "Northern Mariana Islands",
      "alpha-3" : "MNP",
      "country-code" : "580",
      "alpha-2" : "MP",
      "region-code" : "009"
   },
   {
      "iso_3166-2" : "ISO 3166-2:NO",
      "sub-region-code" : "154",
      "name" : "Norway",
      "alpha-2" : "NO",
      "country-code" : "578",
      "alpha-3" : "NOR",
      "region-code" : "150"
   },
   {
      "iso_3166-2" : "ISO 3166-2:OM",
      "region-code" : "142",
      "alpha-3" : "OMN",
      "country-code" : "512",
      "alpha-2" : "OM",
      "sub-region-code" : "145",
      "name" : "Oman"
   },
   {
      "iso_3166-2" : "ISO 3166-2:PK",
      "country-code" : "586",
      "alpha-3" : "PAK",
      "alpha-2" : "PK",
      "sub-region-code" : "034",
      "name" : "Pakistan",
      "region-code" : "142"
   },
   {
      "iso_3166-2" : "ISO 3166-2:PW",
      "region-code" : "009",
      "sub-region-code" : "057",
      "name" : "Palau",
      "alpha-3" : "PLW",
      "country-code" : "585",
      "alpha-2" : "PW"
   },
   {
      "iso_3166-2" : "ISO 3166-2:PS",
      "region-code" : "142",
      "name" : "Palestine, State of",
      "sub-region-code" : "145",
      "alpha-3" : "PSE",
      "country-code" : "275",
      "alpha-2" : "PS"
   },
   {
      "alpha-2" : "PA",
      "country-code" : "591",
      "alpha-3" : "PAN",
      "name" : "Panama",
      "sub-region-code" : "013",
      "region-code" : "019",
      "iso_3166-2" : "ISO 3166-2:PA"
   },
   {
      "region-code" : "009",
      "alpha-2" : "PG",
      "country-code" : "598",
      "alpha-3" : "PNG",
      "name" : "Papua New Guinea",
      "sub-region-code" : "054",
      "iso_3166-2" : "ISO 3166-2:PG"
   },
   {
      "iso_3166-2" : "ISO 3166-2:PY",
      "region-code" : "019",
      "alpha-2" : "PY",
      "country-code" : "600",
      "alpha-3" : "PRY",
      "sub-region-code" : "005",
      "name" : "Paraguay"
   },
   {
      "iso_3166-2" : "ISO 3166-2:PE",
      "region-code" : "019",
      "country-code" : "604",
      "alpha-3" : "PER",
      "alpha-2" : "PE",
      "sub-region-code" : "005",
      "name" : "Peru"
   },
   {
      "iso_3166-2" : "ISO 3166-2:PH",
      "region-code" : "142",
      "country-code" : "608",
      "alpha-3" : "PHL",
      "alpha-2" : "PH",
      "sub-region-code" : "035",
      "name" : "Philippines"
   },
   {
      "iso_3166-2" : "ISO 3166-2:PN",
      "region-code" : "009",
      "name" : "Pitcairn",
      "sub-region-code" : "061",
      "country-code" : "612",
      "alpha-2" : "PN",
      "alpha-3" : "PCN"
   },
   {
      "region-code" : "150",
      "name" : "Poland",
      "sub-region-code" : "151",
      "alpha-2" : "PL",
      "country-code" : "616",
      "alpha-3" : "POL",
      "iso_3166-2" : "ISO 3166-2:PL"
   },
   {
      "region-code" : "150",
      "country-code" : "620",
      "alpha-3" : "PRT",
      "alpha-2" : "PT",
      "name" : "Portugal",
      "sub-region-code" : "039",
      "iso_3166-2" : "ISO 3166-2:PT"
   },
   {
      "name" : "Puerto Rico",
      "sub-region-code" : "029",
      "country-code" : "630",
      "alpha-2" : "PR",
      "alpha-3" : "PRI",
      "region-code" : "019",
      "iso_3166-2" : "ISO 3166-2:PR"
   },
   {
      "alpha-3" : "QAT",
      "country-code" : "634",
      "alpha-2" : "QA",
      "sub-region-code" : "145",
      "name" : "Qatar",
      "region-code" : "142",
      "iso_3166-2" : "ISO 3166-2:QA"
   },
   {
      "region-code" : "002",
      "name" : "Réunion",
      "sub-region-code" : "014",
      "country-code" : "638",
      "alpha-2" : "RE",
      "alpha-3" : "REU",
      "iso_3166-2" : "ISO 3166-2:RE"
   },
   {
      "iso_3166-2" : "ISO 3166-2:RO",
      "alpha-3" : "ROU",
      "country-code" : "642",
      "alpha-2" : "RO",
      "name" : "Romania",
      "sub-region-code" : "151",
      "region-code" : "150"
   },
   {
      "region-code" : "150",
      "sub-region-code" : "151",
      "name" : "Russian Federation",
      "alpha-3" : "RUS",
      "country-code" : "643",
      "alpha-2" : "RU",
      "iso_3166-2" : "ISO 3166-2:RU"
   },
   {
      "iso_3166-2" : "ISO 3166-2:RW",
      "alpha-3" : "RWA",
      "country-code" : "646",
      "alpha-2" : "RW",
      "name" : "Rwanda",
      "sub-region-code" : "014",
      "region-code" : "002"
   },
   {
      "iso_3166-2" : "ISO 3166-2:BL",
      "sub-region-code" : "029",
      "name" : "Saint Barthélemy",
      "alpha-3" : "BLM",
      "country-code" : "652",
      "alpha-2" : "BL",
      "region-code" : "019"
   },
   {
      "country-code" : "654",
      "alpha-2" : "SH",
      "alpha-3" : "SHN",
      "name" : "Saint Helena, Ascension and Tristan da Cunha",
      "sub-region-code" : "011",
      "region-code" : "002",
      "iso_3166-2" : "ISO 3166-2:SH"
   },
   {
      "region-code" : "019",
      "name" : "Saint Kitts and Nevis",
      "sub-region-code" : "029",
      "alpha-3" : "KNA",
      "country-code" : "659",
      "alpha-2" : "KN",
      "iso_3166-2" : "ISO 3166-2:KN"
   },
   {
      "iso_3166-2" : "ISO 3166-2:LC",
      "region-code" : "019",
      "name" : "Saint Lucia",
      "sub-region-code" : "029",
      "country-code" : "662",
      "alpha-3" : "LCA",
      "alpha-2" : "LC"
   },
   {
      "iso_3166-2" : "ISO 3166-2:MF",
      "country-code" : "663",
      "alpha-3" : "MAF",
      "alpha-2" : "MF",
      "sub-region-code" : "029",
      "name" : "Saint Martin (French part)",
      "region-code" : "019"
   },
   {
      "iso_3166-2" : "ISO 3166-2:PM",
      "region-code" : "019",
      "name" : "Saint Pierre and Miquelon",
      "sub-region-code" : "021",
      "country-code" : "666",
      "alpha-3" : "SPM",
      "alpha-2" : "PM"
   },
   {
      "name" : "Saint Vincent and the Grenadines",
      "sub-region-code" : "029",
      "country-code" : "670",
      "alpha-3" : "VCT",
      "alpha-2" : "VC",
      "region-code" : "019",
      "iso_3166-2" : "ISO 3166-2:VC"
   },
   {
      "region-code" : "009",
      "name" : "Samoa",
      "sub-region-code" : "061",
      "alpha-2" : "WS",
      "country-code" : "882",
      "alpha-3" : "WSM",
      "iso_3166-2" : "ISO 3166-2:WS"
   },
   {
      "iso_3166-2" : "ISO 3166-2:SM",
      "region-code" : "150",
      "name" : "San Marino",
      "sub-region-code" : "039",
      "alpha-2" : "SM",
      "country-code" : "674",
      "alpha-3" : "SMR"
   },
   {
      "region-code" : "002",
      "name" : "Sao Tome and Principe",
      "sub-region-code" : "017",
      "alpha-2" : "ST",
      "country-code" : "678",
      "alpha-3" : "STP",
      "iso_3166-2" : "ISO 3166-2:ST"
   },
   {
      "iso_3166-2" : "ISO 3166-2:SA",
      "country-code" : "682",
      "alpha-3" : "SAU",
      "alpha-2" : "SA",
      "sub-region-code" : "145",
      "name" : "Saudi Arabia",
      "region-code" : "142"
   },
   {
      "region-code" : "002",
      "country-code" : "686",
      "alpha-3" : "SEN",
      "alpha-2" : "SN",
      "sub-region-code" : "011",
      "name" : "Senegal",
      "iso_3166-2" : "ISO 3166-2:SN"
   },
   {
      "iso_3166-2" : "ISO 3166-2:RS",
      "region-code" : "150",
      "sub-region-code" : "039",
      "name" : "Serbia",
      "alpha-3" : "SRB",
      "country-code" : "688",
      "alpha-2" : "RS"
   },
   {
      "name" : "Seychelles",
      "sub-region-code" : "014",
      "alpha-2" : "SC",
      "country-code" : "690",
      "alpha-3" : "SYC",
      "region-code" : "002",
      "iso_3166-2" : "ISO 3166-2:SC"
   },
   {
      "iso_3166-2" : "ISO 3166-2:SL",
      "region-code" : "002",
      "sub-region-code" : "011",
      "name" : "Sierra Leone",
      "country-code" : "694",
      "alpha-2" : "SL",
      "alpha-3" : "SLE"
   },
   {
      "iso_3166-2" : "ISO 3166-2:SG",
      "alpha-2" : "SG",
      "country-code" : "702",
      "alpha-3" : "SGP",
      "sub-region-code" : "035",
      "name" : "Singapore",
      "region-code" : "142"
   },
   {
      "region-code" : "019",
      "name" : "Sint Maarten (Dutch part)",
      "sub-region-code" : "029",
      "country-code" : "534",
      "alpha-2" : "SX",
      "alpha-3" : "SXM",
      "iso_3166-2" : "ISO 3166-2:SX"
   },
   {
      "iso_3166-2" : "ISO 3166-2:SK",
      "region-code" : "150",
      "sub-region-code" : "151",
      "name" : "Slovakia",
      "alpha-3" : "SVK",
      "country-code" : "703",
      "alpha-2" : "SK"
   },
   {
      "iso_3166-2" : "ISO 3166-2:SI",
      "name" : "Slovenia",
      "sub-region-code" : "039",
      "country-code" : "705",
      "alpha-2" : "SI",
      "alpha-3" : "SVN",
      "region-code" : "150"
   },
   {
      "iso_3166-2" : "ISO 3166-2:SB",
      "name" : "Solomon Islands",
      "sub-region-code" : "054",
      "country-code" : "090",
      "alpha-2" : "SB",
      "alpha-3" : "SLB",
      "region-code" : "009"
   },
   {
      "iso_3166-2" : "ISO 3166-2:SO",
      "region-code" : "002",
      "country-code" : "706",
      "alpha-3" : "SOM",
      "alpha-2" : "SO",
      "name" : "Somalia",
      "sub-region-code" : "014"
   },
   {
      "unrecognized": true,
      "region-code" : "002",
      "country-code" : "-99",
      "alpha-3" : "SOL",
      "name" : "Somaliland",
      "sub-region-code" : "014"
   },
   {
      "iso_3166-2" : "ISO 3166-2:ZA",
      "region-code" : "002",
      "country-code" : "710",
      "alpha-2" : "ZA",
      "alpha-3" : "ZAF",
      "name" : "South Africa",
      "sub-region-code" : "018"
   },
   {
      "iso_3166-2" : "ISO 3166-2:GS",
      "name" : "South Georgia and the South Sandwich Islands",
      "alpha-3" : "SGS",
      "country-code" : "239",
      "alpha-2" : "GS"
   },
   {
      "region-code" : "002",
      "alpha-3" : "SSD",
      "country-code" : "728",
      "alpha-2" : "SS",
      "sub-region-code" : "014",
      "name" : "South Sudan",
      "iso_3166-2" : "ISO 3166-2:SS"
   },
   {
      "region-code" : "150",
      "sub-region-code" : "039",
      "name" : "Spain",
      "alpha-2" : "ES",
      "country-code" : "724",
      "alpha-3" : "ESP",
      "iso_3166-2" : "ISO 3166-2:ES"
   },
   {
      "iso_3166-2" : "ISO 3166-2:LK",
      "region-code" : "142",
      "sub-region-code" : "034",
      "name" : "Sri Lanka",
      "alpha-3" : "LKA",
      "country-code" : "144",
      "alpha-2" : "LK"
   },
   {
      "iso_3166-2" : "ISO 3166-2:SD",
      "region-code" : "002",
      "sub-region-code" : "015",
      "name" : "Sudan",
      "country-code" : "729",
      "alpha-3" : "SDN",
      "alpha-2" : "SD"
   },
   {
      "alpha-3" : "SUR",
      "country-code" : "740",
      "alpha-2" : "SR",
      "sub-region-code" : "005",
      "name" : "Suriname",
      "region-code" : "019",
      "iso_3166-2" : "ISO 3166-2:SR"
   },
   {
      "alpha-3" : "SJM",
      "country-code" : "744",
      "alpha-2" : "SJ",
      "name" : "Svalbard and Jan Mayen",
      "sub-region-code" : "154",
      "region-code" : "150",
      "iso_3166-2" : "ISO 3166-2:SJ"
   },
   {
      "iso_3166-2" : "ISO 3166-2:SZ",
      "region-code" : "002",
      "alpha-2" : "SZ",
      "country-code" : "748",
      "alpha-3" : "SWZ",
      "name" : "Swaziland",
      "sub-region-code" : "018"
   },
   {
      "alpha-2" : "SE",
      "country-code" : "752",
      "alpha-3" : "SWE",
      "name" : "Sweden",
      "sub-region-code" : "154",
      "region-code" : "150",
      "iso_3166-2" : "ISO 3166-2:SE"
   },
   {
      "iso_3166-2" : "ISO 3166-2:CH",
      "region-code" : "150",
      "sub-region-code" : "155",
      "name" : "Switzerland",
      "alpha-2" : "CH",
      "country-code" : "756",
      "alpha-3" : "CHE"
   },
   {
      "region-code" : "142",
      "country-code" : "760",
      "alpha-3" : "SYR",
      "alpha-2" : "SY",
      "sub-region-code" : "145",
      "name" : "Syrian Arab Republic",
      "iso_3166-2" : "ISO 3166-2:SY"
   },
   {
      "region-code" : "142",
      "country-code" : "158",
      "alpha-3" : "TWN",
      "alpha-2" : "TW",
      "sub-region-code" : "030",
      "name" : "Taiwan, Province of China",
      "iso_3166-2" : "ISO 3166-2:TW"
   },
   {
      "country-code" : "762",
      "alpha-2" : "TJ",
      "alpha-3" : "TJK",
      "name" : "Tajikistan",
      "sub-region-code" : "143",
      "region-code" : "142",
      "iso_3166-2" : "ISO 3166-2:TJ"
   },
   {
      "iso_3166-2" : "ISO 3166-2:TZ",
      "region-code" : "002",
      "name" : "Tanzania, United Republic of",
      "sub-region-code" : "014",
      "alpha-2" : "TZ",
      "country-code" : "834",
      "alpha-3" : "TZA"
   },
   {
      "region-code" : "142",
      "name" : "Thailand",
      "sub-region-code" : "035",
      "country-code" : "764",
      "alpha-3" : "THA",
      "alpha-2" : "TH",
      "iso_3166-2" : "ISO 3166-2:TH"
   },
   {
      "country-code" : "626",
      "alpha-2" : "TL",
      "alpha-3" : "TLS",
      "name" : "Timor-Leste",
      "sub-region-code" : "035",
      "region-code" : "142",
      "iso_3166-2" : "ISO 3166-2:TL"
   },
   {
      "region-code" : "002",
      "sub-region-code" : "011",
      "name" : "Togo",
      "alpha-3" : "TGO",
      "country-code" : "768",
      "alpha-2" : "TG",
      "iso_3166-2" : "ISO 3166-2:TG"
   },
   {
      "iso_3166-2" : "ISO 3166-2:TK",
      "region-code" : "009",
      "name" : "Tokelau",
      "sub-region-code" : "061",
      "country-code" : "772",
      "alpha-2" : "TK",
      "alpha-3" : "TKL"
   },
   {
      "region-code" : "009",
      "alpha-3" : "TON",
      "country-code" : "776",
      "alpha-2" : "TO",
      "name" : "Tonga",
      "sub-region-code" : "061",
      "iso_3166-2" : "ISO 3166-2:TO"
   },
   {
      "iso_3166-2" : "ISO 3166-2:TT",
      "region-code" : "019",
      "sub-region-code" : "029",
      "name" : "Trinidad and Tobago",
      "alpha-3" : "TTO",
      "country-code" : "780",
      "alpha-2" : "TT"
   },
   {
      "iso_3166-2" : "ISO 3166-2:TN",
      "region-code" : "002",
      "alpha-3" : "TUN",
      "country-code" : "788",
      "alpha-2" : "TN",
      "name" : "Tunisia",
      "sub-region-code" : "015"
   },
   {
      "sub-region-code" : "145",
      "name" : "Turkey",
      "alpha-3" : "TUR",
      "country-code" : "792",
      "alpha-2" : "TR",
      "region-code" : "142",
      "iso_3166-2" : "ISO 3166-2:TR"
   },
   {
      "iso_3166-2" : "ISO 3166-2:TM",
      "region-code" : "142",
      "country-code" : "795",
      "alpha-2" : "TM",
      "alpha-3" : "TKM",
      "name" : "Turkmenistan",
      "sub-region-code" : "143"
   },
   {
      "alpha-3" : "TCA",
      "country-code" : "796",
      "alpha-2" : "TC",
      "name" : "Turks and Caicos Islands",
      "sub-region-code" : "029",
      "region-code" : "019",
      "iso_3166-2" : "ISO 3166-2:TC"
   },
   {
      "country-code" : "798",
      "alpha-3" : "TUV",
      "alpha-2" : "TV",
      "name" : "Tuvalu",
      "sub-region-code" : "061",
      "region-code" : "009",
      "iso_3166-2" : "ISO 3166-2:TV"
   },
   {
      "iso_3166-2" : "ISO 3166-2:UG",
      "country-code" : "800",
      "alpha-3" : "UGA",
      "alpha-2" : "UG",
      "sub-region-code" : "014",
      "name" : "Uganda",
      "region-code" : "002"
   },
   {
      "iso_3166-2" : "ISO 3166-2:UA",
      "region-code" : "150",
      "name" : "Ukraine",
      "sub-region-code" : "151",
      "country-code" : "804",
      "alpha-3" : "UKR",
      "alpha-2" : "UA"
   },
   {
      "name" : "United Arab Emirates",
      "sub-region-code" : "145",
      "country-code" : "784",
      "alpha-3" : "ARE",
      "alpha-2" : "AE",
      "region-code" : "142",
      "iso_3166-2" : "ISO 3166-2:AE"
   },
   {
      "iso_3166-2" : "ISO 3166-2:GB",
      "region-code" : "150",
      "alpha-2" : "GB",
      "country-code" : "826",
      "alpha-3" : "GBR",
      "name" : "United Kingdom",
      "sub-region-code" : "154"
   },
   {
      "region-code" : "019",
      "name" : "United States",
      "sub-region-code" : "021",
      "alpha-2" : "US",
      "country-code" : "840",
      "alpha-3" : "USA",
      "iso_3166-2" : "ISO 3166-2:US"
   },
   {
      "name" : "United States Minor Outlying Islands",
      "alpha-2" : "UM",
      "country-code" : "581",
      "alpha-3" : "UMI",
      "iso_3166-2" : "ISO 3166-2:UM"
   },
   {
      "iso_3166-2" : "ISO 3166-2:UY",
      "country-code" : "858",
      "alpha-2" : "UY",
      "alpha-3" : "URY",
      "sub-region-code" : "005",
      "name" : "Uruguay",
      "region-code" : "019"
   },
   {
      "iso_3166-2" : "ISO 3166-2:UZ",
      "country-code" : "860",
      "alpha-3" : "UZB",
      "alpha-2" : "UZ",
      "sub-region-code" : "143",
      "name" : "Uzbekistan",
      "region-code" : "142"
   },
   {
      "iso_3166-2" : "ISO 3166-2:VU",
      "name" : "Vanuatu",
      "sub-region-code" : "054",
      "country-code" : "548",
      "alpha-3" : "VUT",
      "alpha-2" : "VU",
      "region-code" : "009"
   },
   {
      "region-code" : "019",
      "alpha-3" : "VEN",
      "country-code" : "862",
      "alpha-2" : "VE",
      "name" : "Venezuela, Bolivarian Republic of",
      "sub-region-code" : "005",
      "iso_3166-2" : "ISO 3166-2:VE"
   },
   {
      "sub-region-code" : "035",
      "name" : "Viet Nam",
      "alpha-2" : "VN",
      "country-code" : "704",
      "alpha-3" : "VNM",
      "region-code" : "142",
      "iso_3166-2" : "ISO 3166-2:VN"
   },
   {
      "alpha-3" : "VGB",
      "country-code" : "092",
      "alpha-2" : "VG",
      "name" : "Virgin Islands, British",
      "sub-region-code" : "029",
      "region-code" : "019",
      "iso_3166-2" : "ISO 3166-2:VG"
   },
   {
      "iso_3166-2" : "ISO 3166-2:VI",
      "alpha-3" : "VIR",
      "country-code" : "850",
      "alpha-2" : "VI",
      "sub-region-code" : "029",
      "name" : "Virgin Islands, U.S.",
      "region-code" : "019"
   },
   {
      "country-code" : "876",
      "alpha-2" : "WF",
      "alpha-3" : "WLF",
      "name" : "Wallis and Futuna",
      "sub-region-code" : "061",
      "region-code" : "009",
      "iso_3166-2" : "ISO 3166-2:WF"
   },
   {
      "sub-region-code" : "015",
      "name" : "Western Sahara",
      "alpha-3" : "ESH",
      "country-code" : "732",
      "alpha-2" : "EH",
      "region-code" : "002",
      "iso_3166-2" : "ISO 3166-2:EH"
   },
   {
      "sub-region-code" : "145",
      "name" : "Yemen",
      "alpha-2" : "YE",
      "country-code" : "887",
      "alpha-3" : "YEM",
      "region-code" : "142",
      "iso_3166-2" : "ISO 3166-2:YE"
   },
   {
      "iso_3166-2" : "ISO 3166-2:ZM",
      "country-code" : "894",
      "alpha-2" : "ZM",
      "alpha-3" : "ZMB",
      "sub-region-code" : "014",
      "name" : "Zambia",
      "region-code" : "002"
   },
   {
      "iso_3166-2" : "ISO 3166-2:ZW",
      "region-code" : "002",
      "sub-region-code" : "014",
      "name" : "Zimbabwe",
      "alpha-2" : "ZW",
      "country-code" : "716",
      "alpha-3" : "ZWE"
   }
]
